cycle,cReq_st1_v,cReq_st1_wid,cRsp_st2_v,cRsp_st2_wid,mRsp_st1,mRsp_st2_d_source,cReq_v,cReq_op,cReq_type,cReq_wid,cReq_id,cReq_block_idx,cReq_block_offset_0,cReq_mask_0,cReq_mask_1,cReq_data_0,cRsp_v,cRsp_wid,cRsp_id,cRsp_mask_0,cRsp_wxd,cRsp_data_0,d_v,d_op,d_source,d_mask_0,d_mask_1,d_data_0,a_v,a_op,a_param,a_source,a_addr,a_mask_0,a_mask_1,a_data
100,0,4294967295,0,4160157172,0,4294967295,1,0,0,30,5,5,2,1,0,0,0,0,0,0,0,0,x,x,x,x,x,x,0,0,0,0,0,0,0,0
101,1,30,0,4160157172,0,4294967295,1,0,0,27,6,6,2,1,0,0,0,0,0,0,0,0,x,x,x,x,x,x,0,0,0,0,0,0,0,0
102,1,27,0,4160157172,0,4294967295,1,0,0,8,7,7,2,1,0,0,0,0,0,0,0,0,x,x,x,x,x,x,1,4,0,5,20,1,1,0
103,1,8,0,4160157172,0,4294967295,1,0,0,20,8,8,2,1,0,0,0,0,0,0,0,0,x,x,x,x,x,x,1,4,0,6,24,1,1,0
104,1,20,0,4160157172,0,4294967295,1,0,0,29,9,9,0,1,0,0,0,0,0,0,0,0,x,x,x,x,x,x,1,4,0,7,28,1,1,0
105,1,29,0,4160157172,0,4294967295,0,0,0,29,9,9,0,1,0,0,0,0,0,0,0,0,x,x,x,x,x,x,1,4,0,8,32,1,1,0
106,1,29,0,4160157172,0,4294967295,0,0,0,29,9,9,0,1,0,0,0,0,0,0,0,0,1,1,5,1,1,200,0,0,0,0,0,0,0,0
107,1,29,0,4160157172,1,5,0,0,0,29,9,9,0,1,0,0,0,0,0,0,0,0,1,1,6,1,1,240,0,0,0,0,0,0,0,0
108,1,29,1,30,1,6,0,0,0,29,9,9,0,1,0,0,0,0,0,0,0,0,1,1,7,1,1,280,0,0,0,0,0,0,0,0
109,1,29,1,27,1,7,0,0,0,29,9,9,0,1,0,0,1,30,5,1,1,220,1,1,8,1,1,320,0,0,0,0,0,0,0,0
110,1,29,1,8,1,8,0,0,0,29,9,9,0,1,0,0,1,27,6,1,1,260,x,x,x,x,x,x,0,0,0,0,0,0,0,0
111,1,29,1,20,0,8,0,0,0,29,9,9,0,1,0,0,1,8,7,1,1,300,x,x,x,x,x,x,0,0,0,0,0,0,0,0
112,0,29,0,20,0,8,0,0,0,29,9,9,0,1,0,0,1,20,8,1,1,340,x,x,x,x,x,x,1,4,0,9,36,1,1,0
113,0,29,0,20,0,8,0,0,0,29,9,9,0,1,0,0,0,0,0,0,0,0,x,x,x,x,x,x,0,0,0,0,0,0,0,0
114,0,29,0,20,0,8,0,0,0,29,9,9,0,1,0,0,0,0,0,0,0,0,x,x,x,x,x,x,0,0,0,0,0,0,0,0
115,0,29,0,20,0,8,0,0,0,29,9,9,0,1,0,0,0,0,0,0,0,0,x,x,x,x,x,x,0,0,0,0,0,0,0,0
116,0,29,0,20,0,8,0,0,0,29,9,9,0,1,0,0,0,0,0,0,0,0,1,1,9,1,1,360,0,0,0,0,0,0,0,0
117,0,29,0,20,1,9,0,0,0,29,9,9,0,1,0,0,0,0,0,0,0,0,x,x,x,x,x,x,0,0,0,0,0,0,0,0
118,0,29,1,29,0,9,0,0,0,29,9,9,0,1,0,0,0,0,0,0,0,0,x,x,x,x,x,x,0,0,0,0,0,0,0,0
119,0,29,0,29,0,9,0,0,0,29,9,9,0,1,0,0,1,29,9,1,1,360,x,x,x,x,x,x,0,0,0,0,0,0,0,0
